                  epoch,         train/box_loss,         train/cls_loss,         train/dfl_loss,   metrics/precision(B),      metrics/recall(B),       metrics/mAP50(B),    metrics/mAP50-95(B),           val/box_loss,           val/cls_loss,           val/dfl_loss,                 lr/pg0,                 lr/pg1,                 lr/pg2
                      1,                0.69321,                 1.8178,                  1.132,                 0.8559,                0.85784,                0.91233,                0.71588,                0.74247,                 2.0641,                 1.1144,             0.00031438,             0.00031438,             0.00031438
                      2,                0.74863,                0.97114,                 1.1011,                0.71319,                0.85049,                0.84093,                0.63155,                0.84604,                 3.5016,                 1.2999,             0.00051573,             0.00051573,             0.00051573
                      3,                 0.7706,                0.82138,                 1.1419,                0.49902,                0.85937,                 0.7829,                0.60097,                0.75917,                 4.5006,                 1.2451,             0.00058692,             0.00058692,             0.00058692
                      4,                0.72993,                0.69845,                 1.1078,                0.87764,                0.93171,                0.96281,                0.78401,                0.67058,                 1.5754,                 1.1522,             0.00052796,             0.00052796,             0.00052796
                      5,                0.67572,                0.56325,                 1.0718,                0.76985,                0.95101,                0.89047,                 0.7455,                0.60785,                 1.4069,                 1.0646,             0.00029723,             0.00029723,             0.00029723
